CòdClienteImpakto;CódProImpakto;Item;Qtde;$ Unitário;$ Total;Unidade;Setor;SETOR2
208831;20739;Detergente clear 500 ml ype                ;6;2.8;16.8;XPTO;4;DIASORIN LTDA
208831;31066;Saco alvejado grande un                ;4;4.39;17.56;XPTO;4;DIASORIN LTDA
208831;29408;Flanela 28 cm x 58 cm unitaria branca ca                ;4;1.59;6.36;XPTO;4;DIASORIN LTDA
208831;29203;Sabao em po 800 g caixinha tyxan                ;1;15.45;15.45;XPTO;4;DIASORIN LTDA
208831;20837;Alcool 70 desinfetante 1 l itaja                ;5;6.95;34.75;XPTO;4;DIASORIN LTDA
208831;37040;La de aco 01 pt x 8 un assolan                ;1;2.29;2.29;XPTO;4;DIASORIN LTDA
208831;31132;Vassoura multiuso com cabo azul ref 9673                ;1;18.9;18.9;XPTO;4;DIASORIN LTDA
208831;32165;Esponja dupla face anti aderente azul re                ;5;1.69;8.45;XPTO;4;DIASORIN LTDA
208831;20746;Agua sanitaria 5 l facilita                ;1;12.89;12.89;XPTO;4;DIASORIN LTDA
208831;21248;Limpador festa flores bouquet 500 ml aja                ;3;10.5;31.5;XPTO;21;PRADA IGUATEMI
208831;21660;Limpador multiuso 500 ml gold veja promo                ;4;6.15;24.6;XPTO;21;PRADA IGUATEMI
208831;20710;Desentupidor wc com cabo                ;1;3.95;3.95;XPTO;21;PRADA IGUATEMI
208831;20739;Detergente clear 500 ml ype                ;4;2.8;11.2;XPTO;21;PRADA IGUATEMI
208831;32165;Esponja dupla face anti aderente azul re                ;4;1.69;6.76;XPTO;21;PRADA IGUATEMI
208831;20740;Agua sanitaria 1 l super candida                ;2;3.89;7.78;XPTO;21;PRADA IGUATEMI
208831;31068;Espanador n 50 pena nomo 01 un shangri-l                ;1;38.85;38.85;XPTO;21;PRADA IGUATEMI
208831;29408;Flanela 28 cm x 58 cm unitaria branca ca                ;4;1.59;6.36;XPTO;21;PRADA IGUATEMI
208831;31066;Saco alvejado grande un                ;3;4.39;13.17;XPTO;21;PRADA IGUATEMI
208831;13618;Luva vinil sem amido m 100 un inoven                ;2;18.9;37.8;XPTO;21;PRADA IGUATEMI
208831;31215;Aplicador universal graduado 500 ml tran                ;2;4.8;9.6;XPTO;21;PRADA IGUATEMI
208831;20761;Lustra moveis lavanda 200 ml bravo johns                ;3;15;45;XPTO;21;PRADA IGUATEMI
208831;20837;Alcool 70 desinfetante 1 l itaja                ;5;6.95;34.75;XPTO;21;PRADA IGUATEMI
208831;31068;Espanador n 50 pena nomo 01 un shangri-l                ;1;38.85;38.85;XPTO;22;PRADA IGUATEMI UOMO
208831;20739;Detergente clear 500 ml ype                ;4;2.8;11.2;XPTO;22;PRADA IGUATEMI UOMO
208831;31215;Aplicador universal graduado 500 ml tran                ;2;4.8;9.6;XPTO;22;PRADA IGUATEMI UOMO
208831;20740;Agua sanitaria 1 l super candida                ;1;3.89;3.89;XPTO;22;PRADA IGUATEMI UOMO
208831;20761;Lustra moveis lavanda 200 ml bravo johns                ;2;15;30;XPTO;22;PRADA IGUATEMI UOMO
208831;13546;Luva vinil sem amido g 100 un inoven                ;2;18.9;37.8;XPTO;22;PRADA IGUATEMI UOMO
208831;29408;Flanela 28 cm x 58 cm unitaria branca ca                ;4;1.59;6.36;XPTO;22;PRADA IGUATEMI UOMO
208831;21660;Limpador multiuso 500 ml gold veja promo                ;3;6.15;18.45;XPTO;22;PRADA IGUATEMI UOMO
208831;31066;Saco alvejado grande un                ;3;4.39;13.17;XPTO;22;PRADA IGUATEMI UOMO
208831;20837;Alcool 70 desinfetante 1 l itaja                ;5;6.95;34.75;XPTO;22;PRADA IGUATEMI UOMO
208831;32165;Esponja dupla face anti aderente azul re                ;4;1.69;6.76;XPTO;22;PRADA IGUATEMI UOMO
208831;21248;Limpador festa flores bouquet 500 ml aja                ;3;10.5;31.5;XPTO;22;PRADA IGUATEMI UOMO
208831;20837;Alcool 70 desinfetante 1 l itaja                ;5;6.95;34.75;XPTO;23;PRADA CIDADE JARDIM
208831;29183;Sabao em pedra 180 g glicerinado ype                ;5;3.39;16.95;XPTO;23;PRADA CIDADE JARDIM
208831;20761;Lustra moveis lavanda 200 ml bravo johns                ;2;15;30;XPTO;23;PRADA CIDADE JARDIM
208831;21660;Limpador multiuso 500 ml gold veja promo                ;3;6.15;18.45;XPTO;23;PRADA CIDADE JARDIM
208831;40356;Saco de lixo 100 l preto p.20                ;1;51.6;51.6;XPTO;23;PRADA CIDADE JARDIM
208831;20739;Detergente clear 500 ml ype                ;5;2.8;14;XPTO;23;PRADA CIDADE JARDIM
208831;21248;Limpador festa flores bouquet 500 ml aja                ;5;10.5;52.5;XPTO;23;PRADA CIDADE JARDIM
208831;40265;Saco de lixo 100 l azul                ;1;46.97;46.97;XPTO;23;PRADA CIDADE JARDIM
208831;13546;Luva vinil sem amido g 100 un inoven                ;1;18.9;18.9;XPTO;23;PRADA CIDADE JARDIM
208831;20740;Agua sanitaria 1 l super candida                ;2;3.89;7.78;XPTO;24;PRADA JK
208831;32162;Rodo plastico multiuso 40 cm com cabo re                ;2;16.9;33.8;XPTO;24;PRADA JK
208831;29183;Sabao em pedra 180 g glicerinado ype                ;4;3.39;13.56;XPTO;24;PRADA JK
208831;41250;Saco de lixo 100 l vermelho                ;1;51.6;51.6;XPTO;24;PRADA JK
208831;20761;Lustra moveis lavanda 200 ml bravo johns                ;3;15;45;XPTO;24;PRADA JK
208831;31268;Escova oval base madeira                ;1;2.99;2.99;XPTO;24;PRADA JK
208831;21660;Limpador multiuso 500 ml gold veja promo                ;2;6.15;12.3;XPTO;24;PRADA JK
208831;20739;Detergente clear 500 ml ype                ;4;2.8;11.2;XPTO;24;PRADA JK
208831;20837;Alcool 70 desinfetante 1 l itaja                ;4;6.95;27.8;XPTO;24;PRADA JK
208831;40265;Saco de lixo 100 l azul                ;1;46.97;46.97;XPTO;24;PRADA JK
208831;31132;Vassoura multiuso com cabo azul ref 9673                ;2;18.9;37.8;XPTO;24;PRADA JK
208831;41601;Saco de lixo 60 l azul                ;1;33;33;XPTO;24;PRADA JK
208831;21248;Limpador festa flores bouquet 500 ml aja                ;4;10.5;42;XPTO;24;PRADA JK
208831;13546;Luva vinil sem amido g 100 un inoven                ;2;18.9;37.8;XPTO;24;PRADA JK
208831;20073;Saponaceo cremoso classico 250 ml radium                ;2;8.85;17.7;XPTO;24;PRADA JK
208831;40042;Saco de lixo 60 l preto i.t                ;1;28;28;XPTO;24;PRADA JK
208831;29203;Sabao em po 800 g caixinha tyxan                ;1;15.45;15.45;XPTO;24;PRADA JK
208831;21248;Limpador festa flores bouquet 500 ml aja                ;2;10.5;21;XPTO;25;MIU MIU JK
208831;20073;Saponaceo cremoso classico 250 ml radium                ;2;8.85;17.7;XPTO;25;MIU MIU JK
208831;20837;Alcool 70 desinfetante 1 l itaja                ;3;6.95;20.85;XPTO;25;MIU MIU JK
208831;41576;Saco de lixo 60 l verde                ;1;30.29;30.29;XPTO;25;MIU MIU JK
208831;41250;Saco de lixo 100 l vermelho                ;1;51.6;51.6;XPTO;25;MIU MIU JK
208831;40265;Saco de lixo 100 l azul                ;1;46.97;46.97;XPTO;25;MIU MIU JK
208831;41601;Saco de lixo 60 l azul                ;1;33;33;XPTO;25;MIU MIU JK
208831;20740;Agua sanitaria 1 l super candida                ;2;3.89;7.78;XPTO;25;MIU MIU JK
208831;32165;Esponja dupla face anti aderente azul re                ;4;1.69;6.76;XPTO;27;YVES IGUATEMI
208831;31066;Saco alvejado grande un                ;3;4.39;13.17;XPTO;27;YVES IGUATEMI
208831;20837;Alcool 70 desinfetante 1 l itaja                ;4;6.95;27.8;XPTO;27;YVES IGUATEMI
208831;20739;Detergente clear 500 ml ype                ;4;2.8;11.2;XPTO;27;YVES IGUATEMI
208831;31215;Aplicador universal graduado 500 ml tran                ;2;4.8;9.6;XPTO;27;YVES IGUATEMI
208831;21660;Limpador multiuso 500 ml gold veja promo                ;2;6.15;12.3;XPTO;27;YVES IGUATEMI
208831;21660;Limpador multiuso 500 ml gold veja promo                ;2;6.15;12.3;XPTO;29;POLO SHOP IGUATEMI
208831;31066;Saco alvejado grande un                ;3;4.39;13.17;XPTO;29;POLO SHOP IGUATEMI
208831;20739;Detergente clear 500 ml ype                ;3;2.8;8.4;XPTO;29;POLO SHOP IGUATEMI
208831;20837;Alcool 70 desinfetante 1 l itaja                ;2;6.95;13.9;XPTO;29;POLO SHOP IGUATEMI
208831;21392;Limpador flores vermelhas & seducao 500                ;3;5.99;17.97;XPTO;29;POLO SHOP IGUATEMI
208831;20739;Detergente clear 500 ml ype                ;5;2.8;14;XPTO;30;INPEV
208831;31066;Saco alvejado grande un                ;5;4.39;21.95;XPTO;30;INPEV
208831;29408;Flanela 28 cm x 58 cm unitaria branca ca                ;5;1.59;7.95;XPTO;30;INPEV
208831;20805;Lustra moveis 200 ml lavanda destac                ;5;11.9;59.5;XPTO;30;INPEV
208831;29203;Sabao em po 800 g caixinha tyxan                ;1;15.45;15.45;XPTO;30;INPEV
208831;41606;Saco de lixo 60 l vermelho                ;1;30.61;30.61;XPTO;30;INPEV
208831;20837;Alcool 70 desinfetante 1 l itaja                ;2;6.95;13.9;XPTO;30;INPEV
208831;20084;Luva top media amarela latex ca 40.044 s                ;4;8.8;35.2;XPTO;30;INPEV
208831;20073;Saponaceo cremoso classico 250 ml radium                ;2;8.85;17.7;XPTO;30;INPEV
208831;32165;Esponja dupla face anti aderente azul re                ;1;1.69;1.69;XPTO;30;INPEV
208831;41574;Saco de lixo 60 l cinza                ;1;33;33;XPTO;30;INPEV
208831;13618;Luva vinil sem amido m 100 un inoven                ;1;18.9;18.9;XPTO;30;INPEV
208831;21660;Limpador multiuso 500 ml gold veja promo                ;3;6.15;18.45;XPTO;30;INPEV
208831;31137;Cabo madeira 1,50 m plastificado                ;1;3.99;3.99;XPTO;36;BANCO DE LA NACION ARGENTINA
208831;31217;Rodo plastico duplo 60 cm sem cabo                ;1;5.26;5.26;XPTO;36;BANCO DE LA NACION ARGENTINA
208831;40356;Saco de lixo 100 l preto p.20                ;1;51.6;51.6;XPTO;36;BANCO DE LA NACION ARGENTINA
208831;20739;Detergente clear 500 ml ype                ;3;2.8;8.4;XPTO;36;BANCO DE LA NACION ARGENTINA
208831;20073;Saponaceo cremoso classico 250 ml radium                ;1;8.85;8.85;XPTO;36;BANCO DE LA NACION ARGENTINA
208831;20805;Lustra moveis 200 ml lavanda destac                ;2;11.9;23.8;XPTO;36;BANCO DE LA NACION ARGENTINA
208831;20084;Luva top media amarela latex ca 40.044 s                ;2;8.8;17.6;XPTO;36;BANCO DE LA NACION ARGENTINA
208831;32165;Esponja dupla face anti aderente azul re                ;4;1.69;6.76;XPTO;36;BANCO DE LA NACION ARGENTINA
208831;40041;Saco de lixo 40 l preto i.t                ;1;21;21;XPTO;36;BANCO DE LA NACION ARGENTINA
208831;31066;Saco alvejado grande un                ;2;4.39;8.78;XPTO;36;BANCO DE LA NACION ARGENTINA
208831;20746;Agua sanitaria 5 l facilita                ;1;12.89;12.89;XPTO;36;BANCO DE LA NACION ARGENTINA
208831;29410;Flanela 28 cm x 38 cm unitaria branca ca                ;2;1.1;2.2;XPTO;36;BANCO DE LA NACION ARGENTINA
208831;20837;Alcool 70 desinfetante 1 l itaja                ;3;6.95;20.85;XPTO;36;BANCO DE LA NACION ARGENTINA
208831;20837;Alcool 70 desinfetante 1 l itaja                ;6;6.95;41.7;XPTO;38;FUNDACAO ABRINQ
208831;20740;Agua sanitaria 1 l super candida                ;10;3.89;38.9;XPTO;38;FUNDACAO ABRINQ
208831;20771;Desinfetante lavanda 500 ml pinho sol                ;10;9.95;99.5;XPTO;38;FUNDACAO ABRINQ
208831;31132;Vassoura multiuso com cabo azul ref 9673                ;2;18.9;37.8;XPTO;38;FUNDACAO ABRINQ
208831;31066;Saco alvejado grande un                ;10;4.39;43.9;XPTO;38;FUNDACAO ABRINQ
208831;20805;Lustra moveis 200 ml lavanda destac                ;3;11.9;35.7;XPTO;38;FUNDACAO ABRINQ
208831;20084;Luva top media amarela latex ca 40.044 s                ;4;8.8;35.2;XPTO;38;FUNDACAO ABRINQ
208831;20739;Detergente clear 500 ml ype                ;8;2.8;22.4;XPTO;38;FUNDACAO ABRINQ
208831;32165;Esponja dupla face anti aderente azul re                ;1;1.69;1.69;XPTO;38;FUNDACAO ABRINQ
208831;21248;Limpador festa flores bouquet 500 ml aja                ;10;10.5;105;XPTO;38;FUNDACAO ABRINQ
208831;20073;Saponaceo cremoso classico 250 ml radium                ;3;8.85;26.55;XPTO;38;FUNDACAO ABRINQ
208831;20746;Agua sanitaria 5 l facilita                ;1;12.89;12.89;XPTO;43;FGC
208831;31066;Saco alvejado grande un                ;5;4.39;21.95;XPTO;43;FGC
208831;20837;Alcool 70 desinfetante 1 l itaja                ;5;6.95;34.75;XPTO;43;FGC
208831;20073;Saponaceo cremoso classico 250 ml radium                ;2;8.85;17.7;XPTO;43;FGC
208831;31251;Esponja dupla face 01 pct x 10 un scotch                ;1;11.8;11.8;XPTO;43;FGC
208831;20084;Luva top media amarela latex ca 40.044 s                ;4;8.8;35.2;XPTO;43;FGC
208831;29408;Flanela 28 cm x 58 cm unitaria branca ca                ;5;1.59;7.95;XPTO;43;FGC
208831;20739;Detergente clear 500 ml ype                ;6;2.8;16.8;XPTO;43;FGC
208831;90107;Purificador de ar lavanda 360 ml bom ar                ;2;16.9;33.8;XPTO;43;FGC
208831;21660;Limpador multiuso 500 ml gold veja promo                ;5;6.15;30.75;XPTO;43;FGC
208831;20805;Lustra moveis 200 ml lavanda destac                ;3;11.9;35.7;XPTO;43;FGC
208831;29183;Sabao em pedra 180 g glicerinado ype                ;4;3.39;13.56;XPTO;43;FGC
208831;20752;Desinfetante floral 5 l gold                ;1;22.95;22.95;XPTO;43;FGC
208831;20739;Detergente clear 500 ml ype                ;4;2.8;11.2;XPTO;48;PRADA ESCRITORIO
208831;21660;Limpador multiuso 500 ml gold veja promo                ;4;6.15;24.6;XPTO;48;PRADA ESCRITORIO
208831;69916;Sabonete liq. erva doce 5 l soft plus t-                ;1;24.8;24.8;XPTO;48;PRADA ESCRITORIO
208831;21248;Limpador festa flores bouquet 500 ml aja                ;4;10.5;42;XPTO;48;PRADA ESCRITORIO
208831;20740;Agua sanitaria 1 l super candida                ;4;3.89;15.56;XPTO;48;PRADA ESCRITORIO
208831;40042;Saco de lixo 60 l preto i.t                ;1;28;28;XPTO;48;PRADA ESCRITORIO
208831;20837;Alcool 70 desinfetante 1 l itaja                ;8;6.95;55.6;XPTO;53;CARTIER SHOPPING IGUATEMI
208831;21660;Limpador multiuso 500 ml gold veja promo                ;3;6.15;18.45;XPTO;53;CARTIER SHOPPING IGUATEMI
208831;20739;Detergente clear 500 ml ype                ;8;2.8;22.4;XPTO;53;CARTIER SHOPPING IGUATEMI
208831;32165;Esponja dupla face anti aderente azul re                ;8;1.69;13.52;XPTO;53;CARTIER SHOPPING IGUATEMI
208831;20740;Agua sanitaria 1 l super candida                ;3;3.89;11.67;XPTO;53;CARTIER SHOPPING IGUATEMI
208831;20073;Saponaceo cremoso classico 250 ml radium                ;3;8.85;26.55;XPTO;53;CARTIER SHOPPING IGUATEMI
208831;21248;Limpador festa flores bouquet 500 ml aja                ;6;10.5;63;XPTO;53;CARTIER SHOPPING IGUATEMI
208831;20073;Saponaceo cremoso classico 250 ml radium                ;1;8.85;8.85;XPTO;56;CURB EMPREENDIMENTOS E PATICIPACOES
208831;31132;Vassoura multiuso com cabo azul ref 9673                ;1;18.9;18.9;XPTO;56;CURB EMPREENDIMENTOS E PATICIPACOES
208831;20837;Alcool 70 desinfetante 1 l itaja                ;2;6.95;13.9;XPTO;56;CURB EMPREENDIMENTOS E PATICIPACOES
208831;20805;Lustra moveis 200 ml lavanda destac                ;1;11.9;11.9;XPTO;56;CURB EMPREENDIMENTOS E PATICIPACOES
208831;20739;Detergente clear 500 ml ype                ;5;2.8;14;XPTO;56;CURB EMPREENDIMENTOS E PATICIPACOES
208831;20740;Agua sanitaria 1 l super candida                ;2;3.89;7.78;XPTO;56;CURB EMPREENDIMENTOS E PATICIPACOES
208831;32165;Esponja dupla face anti aderente azul re                ;4;1.69;6.76;XPTO;56;CURB EMPREENDIMENTOS E PATICIPACOES
208831;31066;Saco alvejado grande un                ;3;4.39;13.17;XPTO;56;CURB EMPREENDIMENTOS E PATICIPACOES
208831;29410;Flanela 28 cm x 38 cm unitaria branca ca                ;3;1.1;3.3;XPTO;56;CURB EMPREENDIMENTOS E PATICIPACOES
208831;21660;Limpador multiuso 500 ml gold veja promo                ;1;6.15;6.15;XPTO;56;CURB EMPREENDIMENTOS E PATICIPACOES
208831;29203;Sabao em po 800 g caixinha tyxan                ;1;15.45;15.45;XPTO;56;CURB EMPREENDIMENTOS E PATICIPACOES
208831;20088;Luva soft media verde latex ca 5129 sanr                ;4;5.99;23.96;XPTO;57;BETA DO BRASIL COM.DE MAQ.E FERRAM.LTDA
208831;21137;Flanela unitaria 28 x 58 branca saga                ;5;1.59;7.95;XPTO;57;BETA DO BRASIL COM.DE MAQ.E FERRAM.LTDA
208831;31132;Vassoura multiuso com cabo azul ref 9673                ;1;18.9;18.9;XPTO;57;BETA DO BRASIL COM.DE MAQ.E FERRAM.LTDA
208831;29183;Sabao em pedra 180 g glicerinado ype                ;1;3.39;3.39;XPTO;57;BETA DO BRASIL COM.DE MAQ.E FERRAM.LTDA
208831;20073;Saponaceo cremoso classico 250 ml radium                ;2;8.85;17.7;XPTO;57;BETA DO BRASIL COM.DE MAQ.E FERRAM.LTDA
208831;20837;Alcool 70 desinfetante 1 l itaja                ;3;6.95;20.85;XPTO;57;BETA DO BRASIL COM.DE MAQ.E FERRAM.LTDA
208831;31290;Rodo plastico duplo 40 cm cabo 1,20 m x                ;1;12.5;12.5;XPTO;57;BETA DO BRASIL COM.DE MAQ.E FERRAM.LTDA
208831;21392;Limpador flores vermelhas & seducao 500                ;4;5.99;23.96;XPTO;57;BETA DO BRASIL COM.DE MAQ.E FERRAM.LTDA
208831;20739;Detergente clear 500 ml ype                ;5;2.8;14;XPTO;61;KERING
208831;40356;Saco de lixo 100 l preto p.20                ;1;51.6;51.6;XPTO;61;KERING
208831;40042;Saco de lixo 60 l preto i.t                ;1;28;28;XPTO;61;KERING
208831;21248;Limpador festa flores bouquet 500 ml aja                ;4;10.5;42;XPTO;61;KERING
208831;20739;Detergente clear 500 ml ype                ;6;2.8;16.8;XPTO;64;TAGMA BRASIL IND.E COM.DE PROD QUIMICOS
208831;21294;Saponaceo cremoso 300 ml facilita                ;3;3.99;11.97;XPTO;64;TAGMA BRASIL IND.E COM.DE PROD QUIMICOS
208831;20837;Alcool 70 desinfetante 1 l itaja                ;5;6.95;34.75;XPTO;64;TAGMA BRASIL IND.E COM.DE PROD QUIMICOS
208831;21555;Limpador 5 l multiuso thames                ;1;23.95;23.95;XPTO;64;TAGMA BRASIL IND.E COM.DE PROD QUIMICOS
208831;20085;Luva top grande amarela latex ca 40.044                ;6;8.8;52.8;XPTO;64;TAGMA BRASIL IND.E COM.DE PROD QUIMICOS
208831;20752;Desinfetante floral 5 l gold                ;2;22.95;45.9;XPTO;64;TAGMA BRASIL IND.E COM.DE PROD QUIMICOS
208831;21660;Limpador multiuso 500 ml gold veja promo                ;6;6.15;36.9;XPTO;64;TAGMA BRASIL IND.E COM.DE PROD QUIMICOS
208831;30136;Vassoura multiuso com cabo fiory shangri                ;3;11.5;34.5;XPTO;64;TAGMA BRASIL IND.E COM.DE PROD QUIMICOS
208831;31268;Escova oval base madeira                ;2;2.99;5.98;XPTO;64;TAGMA BRASIL IND.E COM.DE PROD QUIMICOS
208831;32165;Esponja dupla face anti aderente azul re                ;1;1.69;1.69;XPTO;64;TAGMA BRASIL IND.E COM.DE PROD QUIMICOS
208831;21317;Fibra limpeza pesada british                ;4;2.89;11.56;XPTO;64;TAGMA BRASIL IND.E COM.DE PROD QUIMICOS
208831;20746;Agua sanitaria 5 l facilita                ;3;12.89;38.67;XPTO;64;TAGMA BRASIL IND.E COM.DE PROD QUIMICOS
208831;21455;Desengraxante perfumado 5 l beck pine (3                ;1;68.55;68.55;XPTO;64;TAGMA BRASIL IND.E COM.DE PROD QUIMICOS
208831;31214;Cabeleira mop agua cortada com rosca bra                ;2;17.9;35.8;XPTO;64;TAGMA BRASIL IND.E COM.DE PROD QUIMICOS
208831;29183;Sabao em pedra 180 g glicerinado ype                ;5;3.39;16.95;XPTO;64;TAGMA BRASIL IND.E COM.DE PROD QUIMICOS
208831;20084;Luva top media amarela latex ca 40.044 s                ;6;8.8;52.8;XPTO;64;TAGMA BRASIL IND.E COM.DE PROD QUIMICOS
208831;31066;Saco alvejado grande un                ;8;4.39;35.12;XPTO;64;TAGMA BRASIL IND.E COM.DE PROD QUIMICOS
208831;29410;Flanela 28 cm x 38 cm unitaria branca ca                ;8;1.1;8.8;XPTO;64;TAGMA BRASIL IND.E COM.DE PROD QUIMICOS
208831;20805;Lustra moveis 200 ml lavanda destac                ;5;11.9;59.5;XPTO;64;TAGMA BRASIL IND.E COM.DE PROD QUIMICOS
208831;20765;Detergente neutro 5 l max                ;1;46.3;46.3;XPTO;64;TAGMA BRASIL IND.E COM.DE PROD QUIMICOS
208831;31066;Saco alvejado grande un                ;4;4.39;17.56;XPTO;66;PNBY GESTORA DE RECURSO LTDA
208831;20740;Agua sanitaria 1 l super candida                ;4;3.89;15.56;XPTO;66;PNBY GESTORA DE RECURSO LTDA
208831;13546;Luva vinil sem amido g 100 un inoven                ;2;18.9;37.8;XPTO;66;PNBY GESTORA DE RECURSO LTDA
208831;32165;Esponja dupla face anti aderente azul re                ;4;1.69;6.76;XPTO;66;PNBY GESTORA DE RECURSO LTDA
208831;20805;Lustra moveis 200 ml lavanda destac                ;2;11.9;23.8;XPTO;66;PNBY GESTORA DE RECURSO LTDA
208831;21248;Limpador festa flores bouquet 500 ml aja                ;4;10.5;42;XPTO;66;PNBY GESTORA DE RECURSO LTDA
208831;29203;Sabao em po 800 g caixinha tyxan                ;1;15.45;15.45;XPTO;66;PNBY GESTORA DE RECURSO LTDA
208831;21310;Flanela unitaria 28 x 38 branca saga                ;5;1.1;5.5;XPTO;66;PNBY GESTORA DE RECURSO LTDA
208831;21317;Fibra limpeza pesada british                ;3;2.89;8.67;XPTO;66;PNBY GESTORA DE RECURSO LTDA
208831;20821;Detergente clear 5 l ype                ;1;27.5;27.5;XPTO;67;GRUPO PLANETA
208831;20073;Saponaceo cremoso classico 250 ml radium                ;2;8.85;17.7;XPTO;67;GRUPO PLANETA
208831;20837;Alcool 70 desinfetante 1 l itaja                ;6;6.95;41.7;XPTO;67;GRUPO PLANETA
208831;31215;Aplicador universal graduado 500 ml tran                ;4;4.8;19.2;XPTO;67;GRUPO PLANETA
208831;21317;Fibra limpeza pesada british                ;6;2.89;17.34;XPTO;67;GRUPO PLANETA
208831;20084;Luva top media amarela latex ca 40.044 s                ;1;8.8;8.8;XPTO;70;BRUNELLO FASANO
208831;21248;Limpador festa flores bouquet 500 ml aja                ;2;10.5;21;XPTO;70;BRUNELLO FASANO
208831;31066;Saco alvejado grande un                ;2;4.39;8.78;XPTO;70;BRUNELLO FASANO
208831;20837;Alcool 70 desinfetante 1 l itaja                ;1;6.95;6.95;XPTO;70;BRUNELLO FASANO
208831;29410;Flanela 28 cm x 38 cm unitaria branca ca                ;2;1.1;2.2;XPTO;70;BRUNELLO FASANO
208831;20739;Detergente clear 500 ml ype                ;1;2.8;2.8;XPTO;70;BRUNELLO FASANO
208831;21660;Limpador multiuso 500 ml gold veja promo                ;3;6.15;18.45;XPTO;71;BALMAIN SHOP CIDADE JARDIM
208831;20073;Saponaceo cremoso classico 250 ml radium                ;2;8.85;17.7;XPTO;71;BALMAIN SHOP CIDADE JARDIM
208831;29410;Flanela 28 cm x 38 cm unitaria branca ca                ;4;1.1;4.4;XPTO;71;BALMAIN SHOP CIDADE JARDIM
208831;31066;Saco alvejado grande un                ;3;4.39;13.17;XPTO;71;BALMAIN SHOP CIDADE JARDIM
208831;20805;Lustra moveis 200 ml lavanda destac                ;1;11.9;11.9;XPTO;71;BALMAIN SHOP CIDADE JARDIM
208831;21248;Limpador festa flores bouquet 500 ml aja                ;2;10.5;21;XPTO;71;BALMAIN SHOP CIDADE JARDIM
208831;20837;Alcool 70 desinfetante 1 l itaja                ;3;6.95;20.85;XPTO;74;CHLOÉ SHOP CIDADE JARDIM
208831;31066;Saco alvejado grande un                ;3;4.39;13.17;XPTO;74;CHLOÉ SHOP CIDADE JARDIM
208831;29408;Flanela 28 cm x 58 cm unitaria branca ca                ;3;1.59;4.77;XPTO;74;CHLOÉ SHOP CIDADE JARDIM
208831;20739;Detergente clear 500 ml ype                ;3;2.8;8.4;XPTO;74;CHLOÉ SHOP CIDADE JARDIM
208831;31215;Aplicador universal graduado 500 ml tran                ;1;4.8;4.8;XPTO;74;CHLOÉ SHOP CIDADE JARDIM
208831;21248;Limpador festa flores bouquet 500 ml aja                ;2;10.5;21;XPTO;74;CHLOÉ SHOP CIDADE JARDIM
208831;32165;Esponja dupla face anti aderente azul re                ;2;1.69;3.38;XPTO;74;CHLOÉ SHOP CIDADE JARDIM
208831;21248;Limpador festa flores bouquet 500 ml aja                ;3;10.5;31.5;XPTO;75;EMILIO PUCCI SHOP CIDADE JARDIM
208831;21660;Limpador multiuso 500 ml gold veja promo                ;2;6.15;12.3;XPTO;75;EMILIO PUCCI SHOP CIDADE JARDIM
208831;20837;Alcool 70 desinfetante 1 l itaja                ;3;6.95;20.85;XPTO;75;EMILIO PUCCI SHOP CIDADE JARDIM
208831;20073;Saponaceo cremoso classico 250 ml radium                ;2;8.85;17.7;XPTO;75;EMILIO PUCCI SHOP CIDADE JARDIM
208831;31066;Saco alvejado grande un                ;3;4.39;13.17;XPTO;75;EMILIO PUCCI SHOP CIDADE JARDIM
208831;29410;Flanela 28 cm x 38 cm unitaria branca ca                ;3;1.1;3.3;XPTO;75;EMILIO PUCCI SHOP CIDADE JARDIM
208831;32089;Vassoura magica varredora feiticeira lim                ;1;105.9;105.9;XPTO;76;CJ MARES SHOP CIDADE JARDIM
208831;20739;Detergente clear 500 ml ype                ;3;2.8;8.4;XPTO;76;CJ MARES SHOP CIDADE JARDIM
208831;29408;Flanela 28 cm x 58 cm unitaria branca ca                ;4;1.59;6.36;XPTO;76;CJ MARES SHOP CIDADE JARDIM
208831;21660;Limpador multiuso 500 ml gold veja promo                ;2;6.15;12.3;XPTO;76;CJ MARES SHOP CIDADE JARDIM
208831;31066;Saco alvejado grande un                ;3;4.39;13.17;XPTO;76;CJ MARES SHOP CIDADE JARDIM
208831;20837;Alcool 70 desinfetante 1 l itaja                ;4;6.95;27.8;XPTO;76;CJ MARES SHOP CIDADE JARDIM
208831;21248;Limpador festa flores bouquet 500 ml aja                ;3;10.5;31.5;XPTO;76;CJ MARES SHOP CIDADE JARDIM
208831;32165;Esponja dupla face anti aderente azul re                ;3;1.69;5.07;XPTO;76;CJ MARES SHOP CIDADE JARDIM
208831;31066;Saco alvejado grande un                ;3;4.39;13.17;XPTO;80;CELINE SHOP CIDADE JARDIM
208831;20739;Detergente clear 500 ml ype                ;3;2.8;8.4;XPTO;80;CELINE SHOP CIDADE JARDIM
208831;20837;Alcool 70 desinfetante 1 l itaja                ;3;6.95;20.85;XPTO;80;CELINE SHOP CIDADE JARDIM
208831;21660;Limpador multiuso 500 ml gold veja promo                ;1;6.15;6.15;XPTO;80;CELINE SHOP CIDADE JARDIM
208831;31066;Saco alvejado grande un                ;3;4.39;13.17;XPTO;80;CELINE SHOP CIDADE JARDIM
208831;21660;Limpador multiuso 500 ml gold veja promo                ;1;6.15;6.15;XPTO;80;CELINE SHOP CIDADE JARDIM
208831;20837;Alcool 70 desinfetante 1 l itaja                ;3;6.95;20.85;XPTO;80;CELINE SHOP CIDADE JARDIM
208831;20739;Detergente clear 500 ml ype                ;3;2.8;8.4;XPTO;80;CELINE SHOP CIDADE JARDIM
208831;21248;Limpador festa flores bouquet 500 ml aja                ;3;10.5;31.5;XPTO;80;CELINE SHOP CIDADE JARDIM
208831;21248;Limpador festa flores bouquet 500 ml aja                ;3;10.5;31.5;XPTO;80;CELINE SHOP CIDADE JARDIM
208831;20805;Lustra moveis 200 ml lavanda destac                ;2;11.9;23.8;XPTO;86;IZABEL SHOP JARDINS.
208831;20073;Saponaceo cremoso classico 250 ml radium                ;1;8.85;8.85;XPTO;86;IZABEL SHOP JARDINS.
208831;21248;Limpador festa flores bouquet 500 ml aja                ;2;10.5;21;XPTO;86;IZABEL SHOP JARDINS.
208831;31066;Saco alvejado grande un                ;2;4.39;8.78;XPTO;86;IZABEL SHOP JARDINS.
208831;20739;Detergente clear 500 ml ype                ;2;2.8;5.6;XPTO;86;IZABEL SHOP JARDINS.
208831;29410;Flanela 28 cm x 38 cm unitaria branca ca                ;3;1.1;3.3;XPTO;86;IZABEL SHOP JARDINS.
208831;21660;Limpador multiuso 500 ml gold veja promo                ;1;6.15;6.15;XPTO;86;IZABEL SHOP JARDINS.
208831;20837;Alcool 70 desinfetante 1 l itaja                ;2;6.95;13.9;XPTO;95;YVES ESCRITORIO
208831;31066;Saco alvejado grande un                ;2;4.39;8.78;XPTO;95;YVES ESCRITORIO
208831;32165;Esponja dupla face anti aderente azul re                ;3;1.69;5.07;XPTO;95;YVES ESCRITORIO
208831;20739;Detergente clear 500 ml ype                ;3;2.8;8.4;XPTO;95;YVES ESCRITORIO
208831;20805;Lustra moveis 200 ml lavanda destac                ;2;11.9;23.8;XPTO;95;YVES ESCRITORIO
208831;21248;Limpador festa flores bouquet 500 ml aja                ;3;10.5;31.5;XPTO;95;YVES ESCRITORIO
208831;21660;Limpador multiuso 500 ml gold veja promo                ;2;6.15;12.3;XPTO;95;YVES ESCRITORIO
208831;20740;Agua sanitaria 1 l super candida                ;3;3.89;11.67;XPTO;95;YVES ESCRITORIO
208831;20073;Saponaceo cremoso classico 250 ml radium                ;2;8.85;17.7;XPTO;99;BIRKENSTOCK
208831;20837;Alcool 70 desinfetante 1 l itaja                ;2;6.95;13.9;XPTO;99;BIRKENSTOCK
208831;31268;Escova oval base madeira                ;1;2.99;2.99;XPTO;99;BIRKENSTOCK
208831;21392;Limpador flores vermelhas & seducao 500                ;2;5.99;11.98;XPTO;99;BIRKENSTOCK
208831;21248;Limpador festa flores bouquet 500 ml aja                ;2;10.5;21;XPTO;100;FRATELLI
208831;29410;Flanela 28 cm x 38 cm unitaria branca ca                ;2;1.1;2.2;XPTO;100;FRATELLI
208831;31066;Saco alvejado grande un                ;2;4.39;8.78;XPTO;100;FRATELLI
208831;21248;Limpador festa flores bouquet 500 ml aja                ;2;10.5;21;XPTO;101;GOLDEN GOOSE JK
208831;20837;Alcool 70 desinfetante 1 l itaja                ;2;6.95;13.9;XPTO;101;GOLDEN GOOSE JK
208831;29203;Sabao em po 800 g caixinha tyxan                ;1;15.45;15.45;XPTO;101;GOLDEN GOOSE JK
208831;21310;Flanela unitaria 28 x 38 branca saga                ;3;1.1;3.3;XPTO;101;GOLDEN GOOSE JK
208831;20837;Alcool 70 desinfetante 1 l itaja                ;3;6.95;20.85;XPTO;115;VULCABRAS NOVO ENDERECO
208831;29203;Sabao em po 800 g caixinha tyxan                ;1;15.45;15.45;XPTO;115;VULCABRAS NOVO ENDERECO
208831;20740;Agua sanitaria 1 l super candida                ;4;3.89;15.56;XPTO;115;VULCABRAS NOVO ENDERECO
208831;20085;Luva top grande amarela latex ca 40.044                ;2;8.8;17.6;XPTO;115;VULCABRAS NOVO ENDERECO
208831;21660;Limpador multiuso 500 ml gold veja promo                ;4;6.15;24.6;XPTO;115;VULCABRAS NOVO ENDERECO
208831;20739;Detergente clear 500 ml ype                ;4;2.8;11.2;XPTO;115;VULCABRAS NOVO ENDERECO
208831;21137;Flanela unitaria 28 x 58 branca saga                ;4;1.59;6.36;XPTO;115;VULCABRAS NOVO ENDERECO
208831;21315;Fibra limpeza macia british                ;2;1.35;2.7;XPTO;115;VULCABRAS NOVO ENDERECO
208831;21392;Limpador flores vermelhas & seducao 500                ;3;5.99;17.97;XPTO;115;VULCABRAS NOVO ENDERECO
208831;20739;Detergente clear 500 ml ype                ;2;2.8;5.6;XPTO;117;GOLDEN GOOSE IGUATEMI
208831;21660;Limpador multiuso 500 ml gold veja promo                ;2;6.15;12.3;XPTO;117;GOLDEN GOOSE IGUATEMI
208831;31066;Saco alvejado grande un                ;2;4.39;8.78;XPTO;117;GOLDEN GOOSE IGUATEMI
208831;20837;Alcool 70 desinfetante 1 l itaja                ;2;6.95;13.9;XPTO;117;GOLDEN GOOSE IGUATEMI
208831;21137;Flanela unitaria 28 x 58 branca saga                ;2;1.59;3.18;XPTO;117;GOLDEN GOOSE IGUATEMI
208831;29410;Flanela 28 cm x 38 cm unitaria branca ca                ;1;1.1;1.1;XPTO;119;LOJA SHOES SALLON FASANO
208831;20805;Lustra moveis 200 ml lavanda destac                ;1;11.9;11.9;XPTO;119;LOJA SHOES SALLON FASANO
208831;21248;Limpador festa flores bouquet 500 ml aja                ;2;10.5;21;XPTO;119;LOJA SHOES SALLON FASANO
208831;20740;Agua sanitaria 1 l super candida                ;5;3.89;19.45;XPTO;123;CARPE ITV URBANISMO
208831;40361;Saco de lixo 100 l preto especial                ;1;111.83;111.83;XPTO;123;CARPE ITV URBANISMO
208831;90107;Purificador de ar lavanda 360 ml bom ar                ;5;16.9;84.5;XPTO;123;CARPE ITV URBANISMO
208831;29203;Sabao em po 800 g caixinha tyxan                ;2;15.45;30.9;XPTO;123;CARPE ITV URBANISMO
208831;31251;Esponja dupla face 01 pct x 10 un scotch                ;1;11.8;11.8;XPTO;123;CARPE ITV URBANISMO
208831;40042;Saco de lixo 60 l preto i.t                ;1;28;28;XPTO;123;CARPE ITV URBANISMO
208831;20745;Limpador fresh cloro 500 ml ajax                ;5;11.95;59.75;XPTO;123;CARPE ITV URBANISMO
208831;20805;Lustra moveis 200 ml lavanda destac                ;6;11.9;71.4;XPTO;123;CARPE ITV URBANISMO
208831;20085;Luva top grande amarela latex ca 40.044                ;4;8.8;35.2;XPTO;123;CARPE ITV URBANISMO
208831;40356;Saco de lixo 100 l preto p.20                ;1;51.6;51.6;XPTO;123;CARPE ITV URBANISMO
208831;20739;Detergente clear 500 ml ype                ;8;2.8;22.4;XPTO;123;CARPE ITV URBANISMO
208831;31068;Espanador n 50 pena nomo 01 un shangri-l                ;1;38.85;38.85;XPTO;123;CARPE ITV URBANISMO
208831;20739;Detergente clear 500 ml ype                ;2;2.8;5.6;XPTO;127;DEEZER
208831;31216;Pa de lixo plastica ref. 15114 odim                ;1;3.12;3.12;XPTO;127;DEEZER
208831;20805;Lustra moveis 200 ml lavanda destac                ;1;11.9;11.9;XPTO;127;DEEZER
208831;31137;Cabo madeira 1,50 m plastificado                ;1;3.99;3.99;XPTO;127;DEEZER
208831;31066;Saco alvejado grande un                ;3;4.39;13.17;XPTO;128;CJ MARES OUTLET CATARINA
208831;21687;Limpador multiuso 500 ml original azulim                ;3;3.49;10.47;XPTO;128;CJ MARES OUTLET CATARINA
208831;31264;Suporte lt com rosca azul sr 300 bralimp                ;1;14.2;14.2;XPTO;128;CJ MARES OUTLET CATARINA
208831;20739;Detergente clear 500 ml ype                ;2;2.8;5.6;XPTO;128;CJ MARES OUTLET CATARINA
208831;20837;Alcool 70 desinfetante 1 l itaja                ;2;6.95;13.9;XPTO;128;CJ MARES OUTLET CATARINA
208831;21317;Fibra limpeza pesada british                ;2;2.89;5.78;XPTO;128;CJ MARES OUTLET CATARINA
208831;21248;Limpador festa flores bouquet 500 ml aja                ;2;10.5;21;XPTO;128;CJ MARES OUTLET CATARINA
208831;31268;Escova oval base madeira                ;1;2.99;2.99;XPTO;128;CJ MARES OUTLET CATARINA
208831;30089;Cabo aluminio 1,40 m x 22 mm ce 140 com                ;1;34.5;34.5;XPTO;128;CJ MARES OUTLET CATARINA
208831;31066;Saco alvejado grande un                ;4;4.39;17.56;XPTO;129;DIOR CIDADE JARDIM
208831;21248;Limpador festa flores bouquet 500 ml aja                ;4;10.5;42;XPTO;129;DIOR CIDADE JARDIM
208831;20740;Agua sanitaria 1 l super candida                ;4;3.89;15.56;XPTO;129;DIOR CIDADE JARDIM
208831;40157;Saco de lixo 100 l transparente colibri                ;1;38.9;38.9;XPTO;130;DIOR FASANO
208831;29408;Flanela 28 cm x 58 cm unitaria branca ca                ;4;1.59;6.36;XPTO;130;DIOR FASANO
208831;20837;Alcool 70 desinfetante 1 l itaja                ;2;6.95;13.9;XPTO;130;DIOR FASANO
208831;31145;Balde 11 l azul plastico                ;1;6.99;6.99;XPTO;130;DIOR FASANO
208831;40173;Saco de lixo 20 l transparente                ;1;15;15;XPTO;130;DIOR FASANO
208831;21660;Limpador multiuso 500 ml gold veja promo                ;2;6.15;12.3;XPTO;130;DIOR FASANO
208831;21248;Limpador festa flores bouquet 500 ml aja                ;4;10.5;42;XPTO;130;DIOR FASANO
208831;31215;Aplicador universal graduado 500 ml tran                ;2;4.8;9.6;XPTO;130;DIOR FASANO
208831;20805;Lustra moveis 200 ml lavanda destac                ;2;11.9;23.8;XPTO;130;DIOR FASANO
208831;31068;Espanador n 50 pena nomo 01 un shangri-l                ;2;38.85;77.7;XPTO;130;DIOR FASANO
208831;32165;Esponja dupla face anti aderente azul re                ;1;1.69;1.69;XPTO;130;DIOR FASANO
208831;20739;Detergente clear 500 ml ype                ;4;2.8;11.2;XPTO;130;DIOR FASANO
208831;21248;Limpador festa flores bouquet 500 ml aja                ;3;10.5;31.5;XPTO;143;BENEFIT COSMETIQUES
208831;31066;Saco alvejado grande un                ;2;4.39;8.78;XPTO;143;BENEFIT COSMETIQUES
208831;20739;Detergente clear 500 ml ype                ;2;2.8;5.6;XPTO;143;BENEFIT COSMETIQUES
208831;21660;Limpador multiuso 500 ml gold veja promo                ;2;6.15;12.3;XPTO;143;BENEFIT COSMETIQUES
208831;20805;Lustra moveis 200 ml lavanda destac                ;2;11.9;23.8;XPTO;144;FENDI CIDADE JARDIM
208831;29410;Flanela 28 cm x 38 cm unitaria branca ca                ;3;1.1;3.3;XPTO;144;FENDI CIDADE JARDIM
208831;31068;Espanador n 50 pena nomo 01 un shangri-l                ;1;38.85;38.85;XPTO;144;FENDI CIDADE JARDIM
208831;20739;Detergente clear 500 ml ype                ;5;2.8;14;XPTO;144;FENDI CIDADE JARDIM
208831;20073;Saponaceo cremoso classico 250 ml radium                ;1;8.85;8.85;XPTO;144;FENDI CIDADE JARDIM
208831;20073;Saponaceo cremoso classico 250 ml radium                ;1;8.85;8.85;XPTO;144;FENDI CIDADE JARDIM
208831;20837;Alcool 70 desinfetante 1 l itaja                ;3;6.95;20.85;XPTO;144;FENDI CIDADE JARDIM
208831;32165;Esponja dupla face anti aderente azul re                ;4;1.69;6.76;XPTO;144;FENDI CIDADE JARDIM
208831;21248;Limpador festa flores bouquet 500 ml aja                ;3;10.5;31.5;XPTO;144;FENDI CIDADE JARDIM
208831;32165;Esponja dupla face anti aderente azul re                ;4;1.69;6.76;XPTO;144;FENDI CIDADE JARDIM
208831;21248;Limpador festa flores bouquet 500 ml aja                ;3;10.5;31.5;XPTO;144;FENDI CIDADE JARDIM
208831;20084;Luva top media amarela latex ca 40.044 s                ;1;8.8;8.8;XPTO;144;FENDI CIDADE JARDIM
208831;21660;Limpador multiuso 500 ml gold veja promo                ;3;6.15;18.45;XPTO;144;FENDI CIDADE JARDIM
208831;20837;Alcool 70 desinfetante 1 l itaja                ;3;6.95;20.85;XPTO;144;FENDI CIDADE JARDIM
208831;31068;Espanador n 50 pena nomo 01 un shangri-l                ;1;38.85;38.85;XPTO;144;FENDI CIDADE JARDIM
208831;20788;Detergente neutro 500 ml ype                ;5;2.8;14;XPTO;144;FENDI CIDADE JARDIM
208831;20084;Luva top media amarela latex ca 40.044 s                ;1;8.8;8.8;XPTO;144;FENDI CIDADE JARDIM
208831;20805;Lustra moveis 200 ml lavanda destac                ;2;11.9;23.8;XPTO;144;FENDI CIDADE JARDIM
208831;21660;Limpador multiuso 500 ml gold veja promo                ;3;6.15;18.45;XPTO;144;FENDI CIDADE JARDIM
208831;31066;Saco alvejado grande un                ;3;4.39;13.17;XPTO;144;FENDI CIDADE JARDIM
208831;29410;Flanela 28 cm x 38 cm unitaria branca ca                ;3;1.1;3.3;XPTO;144;FENDI CIDADE JARDIM
208831;31066;Saco alvejado grande un                ;3;4.39;13.17;XPTO;144;FENDI CIDADE JARDIM
